{
  "__type__": "cc.Skeleton",
  "_name": "Skin-3",
  "_objFlags": 0,
  "_native": "",
  "_joints": [
    "Sketchfab_model/root/GLTF_SceneRootNode/Armature_90/GLTF_created_0/ROOT_81/Belly_76/thigh.L_63/Leg.L_62/Foot.L_61/TM.L_58",
    "Sketchfab_model/root/GLTF_SceneRootNode/Armature_90/GLTF_created_0/ROOT_81/Belly_76/thigh.R_74/Leg.R_73/Foot.R_72/TM.R_69",
    "Sketchfab_model/root/GLTF_SceneRootNode/Armature_90/GLTF_created_0/ROOT_81/Belly_76/thigh.L_63/Leg.L_62/Foot.L_61/TO.L_60",
    "Sketchfab_model/root/GLTF_SceneRootNode/Armature_90/GLTF_created_0/ROOT_81/Belly_76/thigh.L_63/Leg.L_62/Foot.L_61/TI.L_59",
    "Sketchfab_model/root/GLTF_SceneRootNode/Armature_90/GLTF_created_0/ROOT_81/Belly_76/thigh.R_74/Leg.R_73/Foot.R_72/TO.R_71",
    "Sketchfab_model/root/GLTF_SceneRootNode/Armature_90/GLTF_created_0/ROOT_81/Belly_76/thigh.R_74/Leg.R_73/Foot.R_72/TI.R_70"
  ],
  "_bindposes": [
    {
      "__type__": "cc.Mat4",
      "m00": -0.952465295791626,
      "m01": 0.30455252528190613,
      "m02": 0.007594429887831211,
      "m03": 0,
      "m04": 0.007973228581249714,
      "m05": 9.033828973770142e-8,
      "m06": 0.9999681711196899,
      "m07": 0,
      "m08": 0.30454307794570923,
      "m09": 0.9524955153465271,
      "m10": -0.0024282888043671846,
      "m11": 0,
      "m12": 0.34427154064178467,
      "m13": -0.5198143720626831,
      "m14": -0.05696916952729225,
      "m15": 1
    },
    {
      "__type__": "cc.Mat4",
      "m00": -0.9524651169776917,
      "m01": -0.30455270409584045,
      "m02": -0.007594470866024494,
      "m03": 0,
      "m04": -0.00797322764992714,
      "m05": 4.0279672930410015e-8,
      "m06": 0.9999681711196899,
      "m07": 0,
      "m08": -0.30454298853874207,
      "m09": 0.9524948596954346,
      "m10": -0.0024282862432301044,
      "m11": 0,
      "m12": -0.3442714810371399,
      "m13": -0.5198142528533936,
      "m14": -0.05696922168135643,
      "m15": 1
    },
    {
      "__type__": "cc.Mat4",
      "m00": -0.8195187449455261,
      "m01": 0.5730525851249695,
      "m02": -8.123561912043442e-8,
      "m03": 0,
      "m04": -1.1233927210696493e-7,
      "m05": 6.037097222133525e-8,
      "m06": 0.9999998807907104,
      "m07": 0,
      "m08": 0.5730526447296143,
      "m09": 0.8195192217826843,
      "m10": 1.1135290378661011e-7,
      "m11": 0,
      "m12": 0.2618623375892639,
      "m13": -0.6163732409477234,
      "m14": -0.05034644156694412,
      "m15": 1
    },
    {
      "__type__": "cc.Mat4",
      "m00": -0.9928382635116577,
      "m01": -0.11946526169776917,
      "m02": -0.00047627181629650295,
      "m03": 0,
      "m04": -0.00047967288992367685,
      "m05": 6.570554944573814e-8,
      "m06": 0.9999996423721313,
      "m07": 0,
      "m08": -0.11946505308151245,
      "m09": 0.9928388595581055,
      "m10": -0.000057293254940304905,
      "m11": 0,
      "m12": 0.4627860188484192,
      "m13": -0.35372692346572876,
      "m14": -0.04894222319126129,
      "m15": 1
    },
    {
      "__type__": "cc.Mat4",
      "m00": -0.8195184469223022,
      "m01": -0.5730526447296143,
      "m02": -8.791570138555471e-8,
      "m03": 0,
      "m04": -8.910959081731562e-8,
      "m05": 1.0420910356856439e-8,
      "m06": 1,
      "m07": 0,
      "m08": -0.5730524659156799,
      "m09": 0.8195180892944336,
      "m10": -4.3292686768836575e-8,
      "m11": 0,
      "m12": -0.26186224818229675,
      "m13": -0.6163729429244995,
      "m14": -0.05034652352333069,
      "m15": 1
    },
    {
      "__type__": "cc.Mat4",
      "m00": -0.9928382635116577,
      "m01": 0.11946506798267365,
      "m02": 0.0004761609307024628,
      "m03": 0,
      "m04": 0.0004796454159077257,
      "m05": 2.4050669011899117e-8,
      "m06": 0.9999997615814209,
      "m07": 0,
      "m08": 0.11946503072977066,
      "m09": 0.9928382635116577,
      "m10": -0.00005727989992010407,
      "m11": 0,
      "m12": -0.4627859890460968,
      "m13": -0.3537267744541168,
      "m14": -0.04894232004880905,
      "m15": 1
    }
  ],
  "_hash": 3802073564
}