{
  "__type__": "cc.Skeleton",
  "_name": "Skin-2",
  "_objFlags": 0,
  "_native": "",
  "_joints": [
    "Sketchfab_model/root/GLTF_SceneRootNode/Armature_90/GLTF_created_0/ROOT_81/Belly_76/chest_57/Neck1_14/Neck2_13/Neck3_12/Head_11/JAW_5/TONG1_3/TONG2_2/TONG3_1",
    "Sketchfab_model/root/GLTF_SceneRootNode/Armature_90/GLTF_created_0/ROOT_81/Belly_76/chest_57/Neck1_14/Neck2_13/Neck3_12/Head_11/JAW_5/TONG1_3",
    "Sketchfab_model/root/GLTF_SceneRootNode/Armature_90/GLTF_created_0/ROOT_81/Belly_76/chest_57/Neck1_14/Neck2_13/Neck3_12/Head_11/JAW_5/TONG1_3/TONG2_2"
  ],
  "_bindposes": [
    {
      "__type__": "cc.Mat4",
      "m00": 0.9999998807907104,
      "m01": 1.8536636114951932e-10,
      "m02": -0.0000021451207885547774,
      "m03": 0,
      "m04": -0.0000019289402644062648,
      "m05": -0.43804851174354553,
      "m06": -0.8989514708518982,
      "m07": 0,
      "m08": -9.39950268730172e-7,
      "m09": 0.8989512324333191,
      "m10": -0.4380486011505127,
      "m11": 0,
      "m12": 0.000004013585567008704,
      "m13": 0.14414244890213013,
      "m14": 1.8705024719238281,
      "m15": 1
    },
    {
      "__type__": "cc.Mat4",
      "m00": 0.9999998807907104,
      "m01": -6.581046124720658e-11,
      "m02": -0.000002145110329365707,
      "m03": 0,
      "m04": -0.000002139603793693823,
      "m05": -0.07581532001495361,
      "m06": -0.9971219301223755,
      "m07": 0,
      "m08": -1.6268333524749323e-7,
      "m09": 0.9971218109130859,
      "m10": -0.07581546902656555,
      "m11": 0,
      "m12": 0.000003897274382325122,
      "m13": -0.3695998787879944,
      "m14": 1.8162869215011597,
      "m15": 1
    },
    {
      "__type__": "cc.Mat4",
      "m00": 0.9999998807907104,
      "m01": 1.326156823244773e-10,
      "m02": -0.0000021451076008816017,
      "m03": 0,
      "m04": -0.0000019984522623417433,
      "m05": -0.36413466930389404,
      "m06": -0.9313464164733887,
      "m07": 0,
      "m08": -7.81348376222013e-7,
      "m09": 0.9313461780548096,
      "m10": -0.3641347885131836,
      "m11": 0,
      "m12": 0.000004025455837108893,
      "m13": 0.07619893550872803,
      "m14": 1.8760343790054321,
      "m15": 1
    }
  ],
  "_hash": 1813576583
}