{
  "__type__": "cc.Skeleton",
  "_name": "Skin-4",
  "_objFlags": 0,
  "_native": "",
  "_joints": [
    "Sketchfab_model/root/GLTF_SceneRootNode/Armature_90/GLTF_created_0/ROOT_81/Belly_76/chest_57/arm.L_33/forarm.L_32/HAND.L_31/FR1.L_30/FR2.L_29",
    "Sketchfab_model/root/GLTF_SceneRootNode/Armature_90/GLTF_created_0/ROOT_81/Belly_76/chest_57/arm.L_33/forarm.L_32/HAND.L_31/FM1.L_28/FM2.L_27",
    "Sketchfab_model/root/GLTF_SceneRootNode/Armature_90/GLTF_created_0/ROOT_81/Belly_76/chest_57/arm.L_33/forarm.L_32/HAND.L_31/FL1.L_26/FL2.L_25",
    "Sketchfab_model/root/GLTF_SceneRootNode/Armature_90/GLTF_created_0/ROOT_81/Belly_76/chest_57/arm.R_53/forarm.R_52/HAND.R_51/FR1.R_50/FR2.R_49",
    "Sketchfab_model/root/GLTF_SceneRootNode/Armature_90/GLTF_created_0/ROOT_81/Belly_76/chest_57/arm.R_53/forarm.R_52/HAND.R_51/FM1.R_48/FM2.R_47",
    "Sketchfab_model/root/GLTF_SceneRootNode/Armature_90/GLTF_created_0/ROOT_81/Belly_76/chest_57/arm.R_53/forarm.R_52/HAND.R_51/FL1.R_46/FL2.R_45"
  ],
  "_bindposes": [
    {
      "__type__": "cc.Mat4",
      "m00": 0.9972904324531555,
      "m01": -0.005713653285056353,
      "m02": -0.07334322482347488,
      "m03": 0,
      "m04": -0.03720804676413536,
      "m05": -0.8992342352867126,
      "m06": -0.4358820617198944,
      "m07": 0,
      "m08": -0.06346224248409271,
      "m09": 0.43743014335632324,
      "m10": -0.8970105648040771,
      "m11": 0,
      "m12": -0.9523640275001526,
      "m13": 0.728424072265625,
      "m14": 0.7622326016426086,
      "m15": 1
    },
    {
      "__type__": "cc.Mat4",
      "m00": 0.15484461188316345,
      "m01": 0.3561736047267914,
      "m02": -0.921500563621521,
      "m03": 0,
      "m04": -0.0402335487306118,
      "m05": -0.929703414440155,
      "m06": -0.36610448360443115,
      "m07": 0,
      "m08": -0.9871194362640381,
      "m09": 0.09376455843448639,
      "m10": -0.1296294778585434,
      "m11": 0,
      "m12": 0.033540915697813034,
      "m13": 0.4629310965538025,
      "m14": 1.383933424949646,
      "m15": 1
    },
    {
      "__type__": "cc.Mat4",
      "m00": -0.761772096157074,
      "m01": 0.17223265767097473,
      "m02": -0.6245311498641968,
      "m03": 0,
      "m04": 0.13060550391674042,
      "m05": -0.9033920168876648,
      "m06": -0.40844231843948364,
      "m07": 0,
      "m08": -0.634543776512146,
      "m09": -0.39270731806755066,
      "m10": 0.6656844615936279,
      "m11": 0,
      "m12": 0.6803816556930542,
      "m13": 0.6812636256217957,
      "m14": 1.0059559345245361,
      "m15": 1
    },
    {
      "__type__": "cc.Mat4",
      "m00": 0.9972905516624451,
      "m01": 0.005713795777410269,
      "m02": 0.07334338873624802,
      "m03": 0,
      "m04": 0.03720805421471596,
      "m05": -0.8992342352867126,
      "m06": -0.4358820915222168,
      "m07": 0,
      "m08": 0.0634622722864151,
      "m09": 0.437430202960968,
      "m10": -0.8970106244087219,
      "m11": 0,
      "m12": 0.9523640871047974,
      "m13": 0.7284243106842041,
      "m14": 0.7622328400611877,
      "m15": 1
    },
    {
      "__type__": "cc.Mat4",
      "m00": 0.15484459698200226,
      "m01": -0.3561736047267914,
      "m02": 0.9215008616447449,
      "m03": 0,
      "m04": 0.04023358225822449,
      "m05": -0.9297034740447998,
      "m06": -0.3661045432090759,
      "m07": 0,
      "m08": 0.9871194958686829,
      "m09": 0.09376458078622818,
      "m10": -0.12962941825389862,
      "m11": 0,
      "m12": -0.03354095295071602,
      "m13": 0.46293121576309204,
      "m14": 1.3839339017868042,
      "m15": 1
    },
    {
      "__type__": "cc.Mat4",
      "m00": -0.7617722153663635,
      "m01": -0.172232523560524,
      "m02": 0.6245313286781311,
      "m03": 0,
      "m04": -0.13060545921325684,
      "m05": -0.9033918380737305,
      "m06": -0.40844228863716125,
      "m07": 0,
      "m08": 0.634543776512146,
      "m09": -0.39270737767219543,
      "m10": 0.6656843423843384,
      "m11": 0,
      "m12": -0.6803818941116333,
      "m13": 0.6812636852264404,
      "m14": 1.0059562921524048,
      "m15": 1
    }
  ],
  "_hash": 2658125669
}