{
  "gizmos-infos": {
    "is2D": false,
    "is3DIcon": false,
    "iconSize": 2,
    "gridVisible": true,
    "gridColor": [
      150,
      150,
      150,
      255
    ],
    "isIconGizmo3D": false,
    "iconGizmoSize": 2,
    "isGridVisible": true
  },
  "float-window": {
    "position": {
      "cc": {
        "Camera": {
          "dock": false,
          "top": null,
          "bottom": 10,
          "left": null,
          "right": 10
        }
      }
    }
  },
  "camera-infos": {
    "f46876e4-e81b-4931-b493-6d367be385e7": {
      "position": {
        "x": 3.5267408421785333,
        "y": 3.5267408421785333,
        "z": 3.5267408421785262
      },
      "rotation": {
        "x": -0.27984814233312133,
        "y": 0.3647051996310009,
        "z": 0.11591689595929514,
        "w": 0.8804762392171493
      },
      "viewCenter": {
        "x": 0,
        "y": 0,
        "z": 0
      }
    },
    "fb41b0e2-4e95-4611-b0b1-b49142cb353c": {
      "position": {
        "x": 480,
        "y": 320,
        "z": 301
      },
      "rotation": {
        "x": 0,
        "y": 0,
        "z": 0,
        "w": 1
      },
      "viewCenter": {
        "x": 480,
        "y": 320,
        "z": 1
      }
    }
  },
  "camera-uuids": [
    "fb41b0e2-4e95-4611-b0b1-b49142cb353c"
  ],
  "camera": {
    "fov": 44
  }
}
